Texte	Source
Hello everybody, I'm a bit lost and could use some help.  I'm in a 5-year Computer Science program. The first 3 years cover general programming and math concepts, and the last two are for specialization. We had two specializations (Software and Network Engineering), but this year a new one opened called AI, which focuses on AI logic and Machine Learning. I found this really exciting, so even after learning Back-End development last year, I chose to enroll in this new track.  I have a good background in programming with C++, Java, Go, and Python. I've used Python for data manipulation with Pandas and NumPy, I've studied Data Structures and Algorithms, and I solve problems on LeetCode and Codeforces.  I've seen some roadmaps; some say I should start with math (Linear Algebra, Statistics, and Probability), while others say to start with coding.  By the end of the study year (in about 8 months), I need to complete a final project: creating a model that diagnoses patients based on symptoms.  So, how should I start my journey?	reddit
Hey everyone,  I’m planning to spend the next 2–3 months fully focused on Machine Learning. I already know Python, NumPy, Pandas, Matplotlib, Plotly, and the math side (linear algebra, probability, calculus basics), so I’m not starting from zero. The only part I really want to dive into now is Machine Learning itself.  What I’m looking for are resources that go deep and clear all concepts properly — not just a surface-level intro. Something that makes sure I don’t miss anything important, from supervised/unsupervised learning to neural networks, optimization, and practical applications.  Could you suggest:  Courses / books / YouTube playlists that explain concepts thoroughly.  Practice resources / project ideas to actually apply what I learn.  Any structured study plan or roadmap you personally found effective.   Basically, if you had to master ML in 2–3 months with full dedication, what resources would you rely on?  Thanks a lot 🙏	reddit
Hi I’m 17 and I want to go into the AI industry, specifically as a machine learning engineer. I have a genuine interest in the subject, and I love math as well as programming in python (I do computer science right now in school and that is the programming language we learn). Would a computer science, a data science, or an information and technology degree help me in achieving that goal? How are the working hours, salary, and work life balance.  I’m concerned that the market might be over saturated or it is an industry that is dying down. Specifically in South Africa how is that space, or in the US (the 2 countries I want to study and later work in). Is it a competitive field, and do i need a masters?  Lastly I have 1 more year of Highschool left before university, what are free courses that I could do in the meantime to improve my coding and logical skills, I currently use brilliant. What are some projects I could do to make me a better candidate for university to improve my application and more complex ones for when I start applying for internships and jobs (all the courses and projects should help me work towards becoming a machine learning engineer).  If it is not a good choice what are some careers I could do that involve programming and aren’t as competitive or saturated, I can learn a different language if it requires it. The job should still be high paying or do I scrap the idea and do mechanical engineering.	reddit
"i see two pathways, one is everyone keeps telling me to learn probability and statistics and all this theoretical stuff, but then when i search up machine learning projects, ppl just import scikit into python and say .train(). done. no theory involved, so where will i implement all this theory i'm supposed to learn? and how do people make their own models? i guess i still don't quite understand what people mean when they say i'm ""doing ml right now"". what does that meaaannnn T-T"	reddit
A lot of people (like me) dive  into ML thinking it's about understanding intelligence, learning, or even just clever math — and then they wake up buried under a pile of frameworks, configs, random seeds, hyperparameter grids, and Google Colab crashes. And the worst part? No one tells you how undefined the field really is until you're *knee-deep in the swamp.*  In mathematics:  * There's structure. Rigor. A kind of calm beauty in clarity. * You can prove something and *know* it’s true. * You explore the unknown, yes — but on solid ground.  In ML:  * You fumble through a foggy mess of tunable knobs and lucky guesses. * “Reproducibility” is a fantasy. * Half the field is just “what worked better for us” and the other half is trying to explain it *after* the fact. * Nobody *really* knows why half of it works, and yet they act like they do.	reddit
I’d like to ask a question to people who already work in the field of machine learning or simply have more experience.  What actually helped you land your first job or build stronger experience. I’m especially interested in the kinds of projects or steps you took that turned out to be the most valuable for you.  If anyone would like to share information about the steps they took or what’s worth focusing on at the moment, I would be very grateful.	reddit
Hello,  I have a background in Mechanical Engineering and want to learn Machine Learning from scratch. Where should I start (Python, linear algebra, statistics, etc.)? And could you recommend some resources (books, YouTube channels, etc.) without getting too sidetracked?	reddit
hello, as the question states, I’m looking to learn ML in my 2nd year as a CS student. This field has always interested me — the idea of creating an algorithm that can automate a really complex task, not something simple like sorting a list, but one that takes into account many changing variables depending on the situation. That’s fascinating to me, to say the least. From what I’ve researched, I know that it requires a solid understanding of mathematics as well as data structures. Of course, there’s much more to it, but I just want to kickstart my learning and build momentum. Lately, I’ve mainly been learning C, since I believe it’s important to first understand how a computer truly works before diving into frameworks and libraries.  My first language is Python, and I know libraries like scikit-learn exist, but I don’t want to rely on them just yet — at least not before I make my own model from scratch to really understand how it works. Maybe I’m being a bit ambitious, or maybe I don’t know exactly what I’m getting into, but I genuinely want to become a good software engineer, someone who is always pushing for deeper understanding.  Right now, the last concepts I’ve studied are OOP in Python and pointers in C. For my 2nd year, I want to build on that foundation and aim for a greater level of understanding. I also want to spend the rest of this holiday learning as much as I can.  So my question is: **can anyone recommend resources books, websites, or anything else that teach the fundamentals I need to start building my first ML model while also helping me grow as a software engineer?**	reddit
"If you use GMail, AI (Gemini) was turned on yesterday by default and now scans all of your content for machine learning. To turn off, go to Settings>General and scroll down. Uncheck the box for ""Smart features."" There's other ""Smart"" add-ons as well, but that's the one that reads your content."	reddit
This feels relevant considering everyone's outspokenness on generative AI, machine learning, and the overall shitification of creatives. It's highly probable that Vimeo will start using their users content for such considering it's what Bending Spoons did with WeTransfer already.   I knew Vimeo's days are numbered but this sucks. You either die the (creative)hero or live long enough to see yourself become the (venture capitalist)villain.	reddit
Data science has become increasingly essential for the production of official statistics, as it enables the automated collection, processing, and analysis of large amounts of data. With such data science practices in place, it enables more timely, more insightful and more flexible reporting. However, the quality and integrity of data-science-driven statistics rely on the accuracy and reliability of the data sources and the machine learning techniques that support them. In particular, changes in data sources are inevitable to occur and pose significant risks that are crucial to address in the context of machine learning for official statistics.   This paper gives an overview of the main risks, liabilities, and uncertainties associated with changing data sources in the context of machine learning for official statistics. We provide a checklist of the most prevalent origins and causes of changing data sources; not only on a technical level but also regarding ownership, ethics, regulation, and public perception. Next, we highlight the repercussions of changing data sources on statistical reporting. These include technical effects such as concept drift, bias, availability, validity, accuracy and completeness, but also the neutrality and potential discontinuation of the statistical offering. We offer a few important precautionary measures, such as enhancing robustness in both data sourcing and statistical techniques, and thorough monitoring. In doing so, machine learning-based official statistics can maintain integrity, reliability, consistency, and relevance in policy-making, decision-making, and public discourse.	arxiv
Modern biology frequently relies on machine learning to provide predictions and improve decision processes. There have been recent calls for more scrutiny on machine learning performance and possible limitations. Here we present a set of community-wide recommendations aiming to help establish standards of supervised machine learning validation in biology. Adopting a structured methods description for machine learning based on data, optimization, model, evaluation (DOME) will aim to help both reviewers and readers to better understand and assess the performance and limitations of a method or outcome. The recommendations are formulated as questions to anyone wishing to pursue implementation of a machine learning algorithm. Answers to these questions can be easily included in the supplementary material of published papers.	arxiv
Learning curves are a concept from social sciences that has been adopted in the context of machine learning to assess the performance of a learning algorithm with respect to a certain resource, e.g., the number of training examples or the number of training iterations. Learning curves have important applications in several machine learning contexts, most notably in data acquisition, early stopping of model training, and model selection. For instance, learning curves can be used to model the performance of the combination of an algorithm and its hyperparameter configuration, providing insights into their potential suitability at an early stage and often expediting the algorithm selection process. Various learning curve models have been proposed to use learning curves for decision making. Some of these models answer the binary decision question of whether a given algorithm at a certain budget will outperform a certain reference performance, whereas more complex models predict the entire learning curve of an algorithm. We contribute a framework that categorises learning curve approaches using three criteria: the decision-making situation they address, the intrinsic learning curve question they answer and the type of resources they use. We survey papers from the literature and classify them into this framework.	arxiv
Online active learning is a paradigm in machine learning that aims to select the most informative data points to label from a data stream. The problem of minimizing the cost associated with collecting labeled observations has gained a lot of attention in recent years, particularly in real-world applications where data is only available in an unlabeled form. Annotating each observation can be time-consuming and costly, making it difficult to obtain large amounts of labeled data. To overcome this issue, many active learning strategies have been proposed in the last decades, aiming to select the most informative observations for labeling in order to improve the performance of machine learning models. These approaches can be broadly divided into two categories: static pool-based and stream-based active learning. Pool-based active learning involves selecting a subset of observations from a closed pool of unlabeled data, and it has been the focus of many surveys and literature reviews. However, the growing availability of data streams has led to an increase in the number of approaches that focus on online active learning, which involves continuously selecting and labeling observations as they arrive in a stream. This work aims to provide an overview of the most recently proposed approaches for selecting the most informative observations from data streams in real time. We review the various techniques that have been proposed and discuss their strengths and limitations, as well as the challenges and opportunities that exist in this area of research.	arxiv
The ability to explain decisions made by machine learning models remains one of the most significant hurdles towards widespread adoption of AI in highly sensitive areas such as medicine, cybersecurity or autonomous driving. Great interest exists in understanding which features of the input data prompt model decision making. In this contribution, we propose a novel approach to identify relevant features of the input data, inspired by methods from the energy landscapes field, developed in the physical sciences. By identifying conserved weights within groups of minima of the loss landscapes, we can identify the drivers of model decision making. Analogues to this idea exist in the molecular sciences, where coordinate invariants or order parameters are employed to identify critical features of a molecule. However, no such approach exists for machine learning loss landscapes. We will demonstrate the applicability of energy landscape methods to machine learning models and give examples, both synthetic and from the real world, for how these methods can help to make models more interpretable.	arxiv
Machine Learning (ML) has recently shown tremendous success in modeling various healthcare prediction tasks, ranging from disease diagnosis and prognosis to patient treatment. Due to the sensitive nature of medical data, privacy must be considered along the entire ML pipeline, from model training to inference. In this paper, we conduct a review of recent literature concerning Privacy-Preserving Machine Learning (PPML) for healthcare. We primarily focus on privacy-preserving training and inference-as-a-service, and perform a comprehensive review of existing trends, identify challenges, and discuss opportunities for future research directions. The aim of this review is to guide the development of private and efficient ML models in healthcare, with the prospects of translating research efforts into real-world settings.	arxiv
The proliferation of fake news and its propagation on social media has become a major concern due to its ability to create devastating impacts. Different machine learning approaches have been suggested to detect fake news. However, most of those focused on a specific type of news (such as political) which leads us to the question of dataset-bias of the models used. In this research, we conducted a benchmark study to assess the performance of different applicable machine learning approaches on three different datasets where we accumulated the largest and most diversified one. We explored a number of advanced pre-trained language models for fake news detection along with the traditional and deep learning ones and compared their performances from different aspects for the first time to the best of our knowledge. We find that BERT and similar pre-trained models perform the best for fake news detection, especially with very small dataset. Hence, these models are significantly better option for languages with limited electronic contents, i.e., training data. We also carried out several analysis based on the models' performance, article's topic, article's length, and discussed different lessons learned from them. We believe that this benchmark study will help the research community to explore further and news sites/blogs to select the most appropriate fake news detection method.	arxiv
This article provides the first survey of computational models of emotion in reinforcement learning (RL) agents. The survey focuses on agent/robot emotions, and mostly ignores human user emotions. Emotions are recognized as functional in decision-making by influencing motivation and action selection. Therefore, computational emotion models are usually grounded in the agent's decision making architecture, of which RL is an important subclass. Studying emotions in RL-based agents is useful for three research fields. For machine learning (ML) researchers, emotion models may improve learning efficiency. For the interactive ML and human-robot interaction (HRI) community, emotions can communicate state and enhance user investment. Lastly, it allows affective modelling (AM) researchers to investigate their emotion theories in a successful AI agent class. This survey provides background on emotion theory and RL. It systematically addresses 1) from what underlying dimensions (e.g., homeostasis, appraisal) emotions can be derived and how these can be modelled in RL-agents, 2) what types of emotions have been derived from these dimensions, and 3) how these emotions may either influence the learning efficiency of the agent or be useful as social signals. We also systematically compare evaluation criteria, and draw connections to important RL sub-domains like (intrinsic) motivation and model-based RL. In short, this survey provides both a practical overview for engineers wanting to implement emotions in their RL agents, and identifies challenges and directions for future emotion-RL research.	arxiv
Efficient approximation lies at the heart of large-scale machine learning problems. In this paper, we propose a novel, robust maximum entropy algorithm, which is capable of dealing with hundreds of moments and allows for computationally efficient approximations. We showcase the usefulness of the proposed method, its equivalence to constrained Bayesian variational inference and demonstrate its superiority over existing approaches in two applications, namely, fast log determinant estimation and information-theoretic Bayesian optimisation.	arxiv
This research paper delves into the innovative integration of Shannon entropy and rough set theory, presenting a novel approach to generalize the evaluation approach in machine learning. The conventional application of entropy, primarily focused on information uncertainty, is extended through its combination with rough set theory to offer a deeper insight into data's intrinsic structure and the interpretability of machine learning models. We introduce a comprehensive framework that synergizes the granularity of rough set theory with the uncertainty quantification of Shannon entropy, applied across a spectrum of machine learning algorithms. Our methodology is rigorously tested on various datasets, showcasing its capability to not only assess predictive performance but also to illuminate the underlying data complexity and model robustness. The results underscore the utility of this integrated approach in enhancing the evaluation landscape of machine learning, offering a multi-faceted perspective that balances accuracy with a profound understanding of data attributes and model dynamics. This paper contributes a groundbreaking perspective to machine learning evaluation, proposing a method that encapsulates a holistic view of model performance, thereby facilitating more informed decision-making in model selection and application.	arxiv
We seek to enable classic processing of continuous ultra-sparse spatiotemporal data generated by event-based sensors with dense machine learning models. We propose a novel hybrid pipeline composed of asynchronous sensing and synchronous processing that combines several ideas: (1) an embedding based on PointNet models -- the ALERT module -- that can continuously integrate new and dismiss old events thanks to a leakage mechanism, (2) a flexible readout of the embedded data that allows to feed any downstream model with always up-to-date features at any sampling rate, (3) exploiting the input sparsity in a patch-based approach inspired by Vision Transformer to optimize the efficiency of the method. These embeddings are then processed by a transformer model trained for object and gesture recognition. Using this approach, we achieve performances at the state-of-the-art with a lower latency than competitors. We also demonstrate that our asynchronous model can operate at any desired sampling rate.	arxiv
We propose unsupervised representation learning and feature extraction from dendrograms. The commonly used Minimax distance measures correspond to building a dendrogram with single linkage criterion, with defining specific forms of a level function and a distance function over that. Therefore, we extend this method to arbitrary dendrograms. We develop a generalized framework wherein different distance measures and representations can be inferred from different types of dendrograms, level functions and distance functions. Via an appropriate embedding, we compute a vector-based representation of the inferred distances, in order to enable many numerical machine learning algorithms to employ such distances. Then, to address the model selection problem, we study the aggregation of different dendrogram-based distances respectively in solution space and in representation space in the spirit of deep representations. In the first approach, for example for the clustering problem, we build a graph with positive and negative edge weights according to the consistency of the clustering labels of different objects among different solutions, in the context of ensemble methods. Then, we use an efficient variant of correlation clustering to produce the final clusters. In the second approach, we investigate the combination of different distances and features sequentially in the spirit of multi-layered architectures to obtain the final features. Finally, we demonstrate the effectiveness of our approach via several numerical studies.	arxiv
International economics has a long history of improving our understanding of factors causing trade, and the consequences of free flow of goods and services across countries. The recent shocks to the free trade regime, especially trade disputes among major economies, as well as black swan events, such as trade wars and pandemics, raise the need for improved predictions to inform policy decisions. AI methods are allowing economists to solve such prediction problems in new ways. In this manuscript, we present novel methods that predict and associate food and agricultural commodities traded internationally. Association Rules (AR) analysis has been deployed successfully for economic scenarios at the consumer or store level, such as for market basket analysis. In our work however, we present analysis of imports and exports associations and their effects on commodity trade flows. Moreover, Ensemble Machine Learning methods are developed to provide improved agricultural trade predictions, outlier events' implications, and quantitative pointers to policy makers.	arxiv
We investigate the use of Minimax distances to extract in a nonparametric way the features that capture the unknown underlying patterns and structures in the data. We develop a general-purpose and computationally efficient framework to employ Minimax distances with many machine learning methods that perform on numerical data. We study both computing the pairwise Minimax distances for all pairs of objects and as well as computing the Minimax distances of all the objects to/from a fixed (test) object. We first efficiently compute the pairwise Minimax distances between the objects, using the equivalence of Minimax distances over a graph and over a minimum spanning tree constructed on that. Then, we perform an embedding of the pairwise Minimax distances into a new vector space, such that their squared Euclidean distances in the new space equal to the pairwise Minimax distances in the original space. We also study the case of having multiple pairwise Minimax matrices, instead of a single one. Thereby, we propose an embedding via first summing up the centered matrices and then performing an eigenvalue decomposition to obtain the relevant features. In the following, we study computing Minimax distances from a fixed (test) object which can be used for instance in K-nearest neighbor search. Similar to the case of all-pair pairwise Minimax distances, we develop an efficient and general-purpose algorithm that is applicable with any arbitrary base distance measure. Moreover, we investigate in detail the edges selected by the Minimax distances and thereby explore the ability of Minimax distances in detecting outlier objects. Finally, for each setting, we perform several experiments to demonstrate the effectiveness of our framework.	arxiv
Automatic machine learning is an important problem in the forefront of machine learning. The strongest AutoML systems are based on neural networks, evolutionary algorithms, and Bayesian optimization. Recently AlphaD3M reached state-of-the-art results with an order of magnitude speedup using reinforcement learning with self-play. In this work we extend AlphaD3M by using a pipeline grammar and a pre-trained model which generalizes from many different datasets and similar tasks. Our results demonstrate improved performance compared with our earlier work and existing methods on AutoML benchmark datasets for classification and regression tasks. In the spirit of reproducible research we make our data, models, and code publicly available.	arxiv
From medical charts to national census, healthcare has traditionally operated under a paper-based paradigm. However, the past decade has marked a long and arduous transformation bringing healthcare into the digital age. Ranging from electronic health records, to digitized imaging and laboratory reports, to public health datasets, today, healthcare now generates an incredible amount of digital information. Such a wealth of data presents an exciting opportunity for integrated machine learning solutions to address problems across multiple facets of healthcare practice and administration. Unfortunately, the ability to derive accurate and informative insights requires more than the ability to execute machine learning models. Rather, a deeper understanding of the data on which the models are run is imperative for their success. While a significant effort has been undertaken to develop models able to process the volume of data obtained during the analysis of millions of digitalized patient records, it is important to remember that volume represents only one aspect of the data. In fact, drawing on data from an increasingly diverse set of sources, healthcare data presents an incredibly complex set of attributes that must be accounted for throughout the machine learning pipeline. This chapter focuses on highlighting such challenges, and is broken down into three distinct components, each representing a phase of the pipeline. We begin with attributes of the data accounted for during preprocessing, then move to considerations during model building, and end with challenges to the interpretation of model output. For each component, we present a discussion around data as it relates to the healthcare domain and offer insight into the challenges each may impose on the efficiency of machine learning techniques.	arxiv
The topic of comprehensibility of machine-learned theories has recently drawn increasing attention. Inductive Logic Programming (ILP) uses logic programming to derive logic theories from small data based on abduction and induction techniques. Learned theories are represented in the form of rules as declarative descriptions of obtained knowledge. In earlier work, the authors provided the first evidence of a measurable increase in human comprehension based on machine-learned logic rules for simple classification tasks. In a later study, it was found that the presentation of machine-learned explanations to humans can produce both beneficial and harmful effects in the context of game learning. We continue our investigation of comprehensibility by examining the effects of the ordering of concept presentations on human comprehension. In this work, we examine the explanatory effects of curriculum order and the presence of machine-learned explanations for sequential problem-solving. We show that 1) there exist tasks A and B such that learning A before B has a better human comprehension with respect to learning B before A and 2) there exist tasks A and B such that the presence of explanations when learning A contributes to improved human comprehension when subsequently learning B. We propose a framework for the effects of sequential teaching on comprehension based on an existing definition of comprehensibility and provide evidence for support from data collected in human trials. Empirical results show that sequential teaching of concepts with increasing complexity a) has a beneficial effect on human comprehension and b) leads to human re-discovery of divide-and-conquer problem-solving strategies, and c) studying machine-learned explanations allows adaptations of human problem-solving strategy with better performance.	arxiv
The ML-Schema, proposed by the W3C Machine Learning Schema Community Group, is a top-level ontology that provides a set of classes, properties, and restrictions for representing and interchanging information on machine learning algorithms, datasets, and experiments. It can be easily extended and specialized and it is also mapped to other more domain-specific ontologies developed in the area of machine learning and data mining. In this paper we overview existing state-of-the-art machine learning interchange formats and present the first release of ML-Schema, a canonical format resulted of more than seven years of experience among different research institutions. We argue that exposing semantics of machine learning algorithms, models, and experiments through a canonical format may pave the way to better interpretability and to realistically achieve the full interoperability of experiments regardless of platform or adopted workflow solution.	arxiv
Machine learning algorithms designed to characterize, monitor, and intervene on human health (ML4H) are expected to perform safely and reliably when operating at scale, potentially outside strict human supervision. This requirement warrants a stricter attention to issues of reproducibility than other fields of machine learning.   In this work, we conduct a systematic evaluation of over 100 recently published ML4H research papers along several dimensions related to reproducibility. We find that the field of ML4H compares poorly to more established machine learning fields, particularly concerning data and code accessibility. Finally, drawing from success in other fields of science, we propose recommendations to data providers, academic publishers, and the ML4H research community in order to promote reproducible research moving forward.	arxiv
Black box machine learning models are currently being used for high stakes decision-making throughout society, causing problems throughout healthcare, criminal justice, and in other domains. People have hoped that creating methods for explaining these black box models will alleviate some of these problems, but trying to \textit{explain} black box models, rather than creating models that are \textit{interpretable} in the first place, is likely to perpetuate bad practices and can potentially cause catastrophic harm to society. There is a way forward -- it is to design models that are inherently interpretable. This manuscript clarifies the chasm between explaining black boxes and using inherently interpretable models, outlines several key reasons why explainable black boxes should be avoided in high-stakes decisions, identifies challenges to interpretable machine learning, and provides several example applications where interpretable models could potentially replace black box models in criminal justice, healthcare, and computer vision.	arxiv
